threshold,precision,recall,f1,accuracy,TN,FP,FN,TP,FPR,FNR
0.01,0.1008130081300813,0.8732394366197183,0.18075801749271136,0.9867948025094575,41935,553,9,62,0.013015439653549237,0.1267605633802817
0.02,0.17079889807162535,0.8732394366197183,0.2857142857142857,0.9927159942667826,42187,301,9,62,0.007084353229147054,0.1267605633802817
0.03,0.23308270676691728,0.8732394366197183,0.36795252225519287,0.994995183157499,42284,204,9,62,0.0048013556768970065,0.1267605633802817
0.04,0.2980769230769231,0.8732394366197183,0.4444444444444444,0.9963579971333912,42342,146,9,62,0.0034362643569949163,0.1267605633802817
0.05,0.34831460674157305,0.8732394366197183,0.4979919678714859,0.9970629009140253,42372,116,9,62,0.00273018263980418,0.1267605633802817
0.06,0.41333333333333333,0.8732394366197183,0.5610859728506787,0.9977208111092836,42400,88,9,62,0.002071173037092826,0.1267605633802817
0.07,0.45925925925925926,0.8732394366197183,0.6019417475728155,0.9980732629996005,42415,73,9,62,0.0017181321784974582,0.1267605633802817
0.08,0.48412698412698413,0.8591549295774648,0.6192893401015228,0.9982377405484152,42423,65,10,61,0.0015298437205799285,0.14084507042253522
0.09,0.5169491525423728,0.8591549295774648,0.6455026455026455,0.9984257148899175,42431,57,10,61,0.0013415552626623987,0.14084507042253522
0.1,0.5213675213675214,0.8591549295774648,0.648936170212766,0.9984492116826054,42432,56,10,61,0.0013180192054227076,0.14084507042253522
0.11,0.5350877192982456,0.8591549295774648,0.6594594594594595,0.9985197020606688,42435,53,10,61,0.001247411033703634,0.14084507042253522
0.12,0.5648148148148148,0.8591549295774648,0.6815642458100558,0.9986606828167955,42441,47,10,61,0.0011061946902654867,0.14084507042253522
0.13,0.5922330097087378,0.8591549295774648,0.7011494252873564,0.9987781667802345,42446,42,10,61,0.0009885144040670307,0.14084507042253522
0.14,0.6122448979591837,0.8450704225352113,0.7100591715976331,0.9988486571582978,42450,38,11,60,0.0008943701751082659,0.15492957746478872
0.15,0.631578947368421,0.8450704225352113,0.7228915662650602,0.9989191475363612,42453,35,11,60,0.0008237620033891923,0.15492957746478872
0.16,0.6704545454545454,0.8309859154929577,0.7421383647798742,0.9990366314998003,42459,29,12,59,0.000682545659951045,0.16901408450704225
0.17,0.686046511627907,0.8309859154929577,0.7515923566878981,0.9990836250851759,42461,27,12,59,0.0006354735454716626,0.16901408450704225
0.18,0.6941176470588235,0.8309859154929577,0.7564102564102564,0.9991071218778637,42462,26,12,59,0.0006119374882319714,0.16901408450704225
0.19,0.7108433734939759,0.8309859154929577,0.7662337662337663,0.9991541154632393,42464,24,12,59,0.000564865373752589,0.16901408450704225
0.2,0.7108433734939759,0.8309859154929577,0.7662337662337663,0.9991541154632393,42464,24,12,59,0.000564865373752589,0.16901408450704225
0.21,0.7160493827160493,0.8169014084507042,0.7631578947368421,0.9991541154632393,42465,23,13,58,0.0005413293165128977,0.18309859154929578
0.22,0.7341772151898734,0.8169014084507042,0.7733333333333333,0.9992011090486148,42467,21,13,58,0.0004942572020335154,0.18309859154929578
0.23,0.7435897435897436,0.8169014084507042,0.7785234899328859,0.9992246058413027,42468,20,13,58,0.00047072114479382413,0.18309859154929578
0.24,0.75,0.8028169014084507,0.7755102040816326,0.9992246058413027,42469,19,14,57,0.00044718508755413295,0.19718309859154928
0.25,0.76,0.8028169014084507,0.7808219178082192,0.9992481026339904,42470,18,14,57,0.0004236490303144417,0.19718309859154928
0.26,0.76,0.8028169014084507,0.7808219178082192,0.9992481026339904,42470,18,14,57,0.0004236490303144417,0.19718309859154928
0.27,0.76,0.8028169014084507,0.7808219178082192,0.9992481026339904,42470,18,14,57,0.0004236490303144417,0.19718309859154928
0.28,0.76,0.8028169014084507,0.7808219178082192,0.9992481026339904,42470,18,14,57,0.0004236490303144417,0.19718309859154928
0.29,0.76,0.8028169014084507,0.7808219178082192,0.9992481026339904,42470,18,14,57,0.0004236490303144417,0.19718309859154928
0.3,0.7916666666666666,0.8028169014084507,0.7972027972027972,0.9993185930120538,42473,15,14,57,0.0003530408585953681,0.19718309859154928
0.31,0.8142857142857143,0.8028169014084507,0.8085106382978723,0.9993655865974295,42475,13,14,57,0.0003059687441159857,0.19718309859154928
0.32,0.8115942028985508,0.7887323943661971,0.8,0.9993420898047417,42475,13,15,56,0.0003059687441159857,0.2112676056338028
0.33,0.8115942028985508,0.7887323943661971,0.8,0.9993420898047417,42475,13,15,56,0.0003059687441159857,0.2112676056338028
0.34,0.8115942028985508,0.7887323943661971,0.8,0.9993420898047417,42475,13,15,56,0.0003059687441159857,0.2112676056338028
0.35,0.835820895522388,0.7887323943661971,0.8115942028985508,0.9993890833901172,42477,11,15,56,0.00025889662963660327,0.2112676056338028
0.36,0.835820895522388,0.7887323943661971,0.8115942028985508,0.9993890833901172,42477,11,15,56,0.00025889662963660327,0.2112676056338028
0.37,0.8484848484848485,0.7887323943661971,0.8175182481751825,0.9994125801828051,42478,10,15,56,0.00023536057239691206,0.2112676056338028
0.38,0.875,0.7887323943661971,0.8296296296296296,0.9994595737681806,42480,8,15,56,0.00018828845791752966,0.2112676056338028
0.39,0.875,0.7887323943661971,0.8296296296296296,0.9994595737681806,42480,8,15,56,0.00018828845791752966,0.2112676056338028
0.4,0.8888888888888888,0.7887323943661971,0.835820895522388,0.9994830705608685,42481,7,15,56,0.00016475240067783845,0.2112676056338028
0.41,0.9032258064516129,0.7887323943661971,0.8421052631578947,0.9995065673535563,42482,6,15,56,0.00014121634343814725,0.2112676056338028
0.42,0.9032258064516129,0.7887323943661971,0.8421052631578947,0.9995065673535563,42482,6,15,56,0.00014121634343814725,0.2112676056338028
0.43,0.9016393442622951,0.7746478873239436,0.8333333333333334,0.9994830705608685,42482,6,16,55,0.00014121634343814725,0.22535211267605634
0.44,0.9016393442622951,0.7746478873239436,0.8333333333333334,0.9994830705608685,42482,6,16,55,0.00014121634343814725,0.22535211267605634
0.45,0.9166666666666666,0.7746478873239436,0.8396946564885496,0.9995065673535563,42483,5,16,55,0.00011768028619845603,0.22535211267605634
0.46,0.9166666666666666,0.7746478873239436,0.8396946564885496,0.9995065673535563,42483,5,16,55,0.00011768028619845603,0.22535211267605634
0.47,0.9166666666666666,0.7746478873239436,0.8396946564885496,0.9995065673535563,42483,5,16,55,0.00011768028619845603,0.22535211267605634
0.48,0.9166666666666666,0.7746478873239436,0.8396946564885496,0.9995065673535563,42483,5,16,55,0.00011768028619845603,0.22535211267605634
0.49,0.9166666666666666,0.7746478873239436,0.8396946564885496,0.9995065673535563,42483,5,16,55,0.00011768028619845603,0.22535211267605634
0.5,0.9166666666666666,0.7746478873239436,0.8396946564885496,0.9995065673535563,42483,5,16,55,0.00011768028619845603,0.22535211267605634
0.51,0.9166666666666666,0.7746478873239436,0.8396946564885496,0.9995065673535563,42483,5,16,55,0.00011768028619845603,0.22535211267605634
0.52,0.9166666666666666,0.7746478873239436,0.8396946564885496,0.9995065673535563,42483,5,16,55,0.00011768028619845603,0.22535211267605634
0.53,0.9322033898305084,0.7746478873239436,0.8461538461538461,0.999530064146244,42484,4,16,55,9.414422895876483e-05,0.22535211267605634
0.54,0.9322033898305084,0.7746478873239436,0.8461538461538461,0.999530064146244,42484,4,16,55,9.414422895876483e-05,0.22535211267605634
0.55,0.9322033898305084,0.7746478873239436,0.8461538461538461,0.999530064146244,42484,4,16,55,9.414422895876483e-05,0.22535211267605634
0.56,0.9322033898305084,0.7746478873239436,0.8461538461538461,0.999530064146244,42484,4,16,55,9.414422895876483e-05,0.22535211267605634
0.57,0.9322033898305084,0.7746478873239436,0.8461538461538461,0.999530064146244,42484,4,16,55,9.414422895876483e-05,0.22535211267605634
0.58,0.9322033898305084,0.7746478873239436,0.8461538461538461,0.999530064146244,42484,4,16,55,9.414422895876483e-05,0.22535211267605634
0.59,0.9322033898305084,0.7746478873239436,0.8461538461538461,0.999530064146244,42484,4,16,55,9.414422895876483e-05,0.22535211267605634
0.6,0.9322033898305084,0.7746478873239436,0.8461538461538461,0.999530064146244,42484,4,16,55,9.414422895876483e-05,0.22535211267605634
0.61,0.9322033898305084,0.7746478873239436,0.8461538461538461,0.999530064146244,42484,4,16,55,9.414422895876483e-05,0.22535211267605634
0.62,0.9322033898305084,0.7746478873239436,0.8461538461538461,0.999530064146244,42484,4,16,55,9.414422895876483e-05,0.22535211267605634
0.63,0.9322033898305084,0.7746478873239436,0.8461538461538461,0.999530064146244,42484,4,16,55,9.414422895876483e-05,0.22535211267605634
0.64,0.9322033898305084,0.7746478873239436,0.8461538461538461,0.999530064146244,42484,4,16,55,9.414422895876483e-05,0.22535211267605634
0.65,0.9322033898305084,0.7746478873239436,0.8461538461538461,0.999530064146244,42484,4,16,55,9.414422895876483e-05,0.22535211267605634
0.66,0.9322033898305084,0.7746478873239436,0.8461538461538461,0.999530064146244,42484,4,16,55,9.414422895876483e-05,0.22535211267605634
0.67,0.9322033898305084,0.7746478873239436,0.8461538461538461,0.999530064146244,42484,4,16,55,9.414422895876483e-05,0.22535211267605634
0.68,0.9322033898305084,0.7746478873239436,0.8461538461538461,0.999530064146244,42484,4,16,55,9.414422895876483e-05,0.22535211267605634
0.69,0.9482758620689655,0.7746478873239436,0.8527131782945736,0.9995535609389319,42485,3,16,55,7.060817171907362e-05,0.22535211267605634
0.7,0.9482758620689655,0.7746478873239436,0.8527131782945736,0.9995535609389319,42485,3,16,55,7.060817171907362e-05,0.22535211267605634
0.71,0.9482758620689655,0.7746478873239436,0.8527131782945736,0.9995535609389319,42485,3,16,55,7.060817171907362e-05,0.22535211267605634
0.72,0.9482758620689655,0.7746478873239436,0.8527131782945736,0.9995535609389319,42485,3,16,55,7.060817171907362e-05,0.22535211267605634
0.73,0.9482758620689655,0.7746478873239436,0.8527131782945736,0.9995535609389319,42485,3,16,55,7.060817171907362e-05,0.22535211267605634
0.74,0.9482758620689655,0.7746478873239436,0.8527131782945736,0.9995535609389319,42485,3,16,55,7.060817171907362e-05,0.22535211267605634
0.75,0.9482758620689655,0.7746478873239436,0.8527131782945736,0.9995535609389319,42485,3,16,55,7.060817171907362e-05,0.22535211267605634
0.76,0.9473684210526315,0.7605633802816901,0.84375,0.999530064146244,42485,3,17,54,7.060817171907362e-05,0.23943661971830985
0.77,0.9642857142857143,0.7605633802816901,0.8503937007874016,0.9995535609389319,42486,2,17,54,4.7072114479382414e-05,0.23943661971830985
0.78,0.9642857142857143,0.7605633802816901,0.8503937007874016,0.9995535609389319,42486,2,17,54,4.7072114479382414e-05,0.23943661971830985
0.79,0.9642857142857143,0.7605633802816901,0.8503937007874016,0.9995535609389319,42486,2,17,54,4.7072114479382414e-05,0.23943661971830985
0.8,0.9642857142857143,0.7605633802816901,0.8503937007874016,0.9995535609389319,42486,2,17,54,4.7072114479382414e-05,0.23943661971830985
0.81,0.9642857142857143,0.7605633802816901,0.8503937007874016,0.9995535609389319,42486,2,17,54,4.7072114479382414e-05,0.23943661971830985
0.82,0.9636363636363636,0.7464788732394366,0.8412698412698413,0.999530064146244,42486,2,18,53,4.7072114479382414e-05,0.2535211267605634
0.83,0.9636363636363636,0.7464788732394366,0.8412698412698413,0.999530064146244,42486,2,18,53,4.7072114479382414e-05,0.2535211267605634
0.84,0.9636363636363636,0.7464788732394366,0.8412698412698413,0.999530064146244,42486,2,18,53,4.7072114479382414e-05,0.2535211267605634
0.85,0.9636363636363636,0.7464788732394366,0.8412698412698413,0.999530064146244,42486,2,18,53,4.7072114479382414e-05,0.2535211267605634
0.86,0.9636363636363636,0.7464788732394366,0.8412698412698413,0.999530064146244,42486,2,18,53,4.7072114479382414e-05,0.2535211267605634
0.87,0.9811320754716981,0.7323943661971831,0.8387096774193549,0.999530064146244,42487,1,19,52,2.3536057239691207e-05,0.2676056338028169
0.88,0.9811320754716981,0.7323943661971831,0.8387096774193549,0.999530064146244,42487,1,19,52,2.3536057239691207e-05,0.2676056338028169
0.89,0.9811320754716981,0.7323943661971831,0.8387096774193549,0.999530064146244,42487,1,19,52,2.3536057239691207e-05,0.2676056338028169
0.9,0.9811320754716981,0.7323943661971831,0.8387096774193549,0.999530064146244,42487,1,19,52,2.3536057239691207e-05,0.2676056338028169
0.91,0.9811320754716981,0.7323943661971831,0.8387096774193549,0.999530064146244,42487,1,19,52,2.3536057239691207e-05,0.2676056338028169
0.92,0.9811320754716981,0.7323943661971831,0.8387096774193549,0.999530064146244,42487,1,19,52,2.3536057239691207e-05,0.2676056338028169
0.93,0.9807692307692307,0.7183098591549296,0.8292682926829268,0.9995065673535563,42487,1,20,51,2.3536057239691207e-05,0.28169014084507044
0.94,0.9807692307692307,0.7183098591549296,0.8292682926829268,0.9995065673535563,42487,1,20,51,2.3536057239691207e-05,0.28169014084507044
0.95,0.9807692307692307,0.7183098591549296,0.8292682926829268,0.9995065673535563,42487,1,20,51,2.3536057239691207e-05,0.28169014084507044
0.96,0.9807692307692307,0.7183098591549296,0.8292682926829268,0.9995065673535563,42487,1,20,51,2.3536057239691207e-05,0.28169014084507044
0.97,0.9807692307692307,0.7183098591549296,0.8292682926829268,0.9995065673535563,42487,1,20,51,2.3536057239691207e-05,0.28169014084507044
0.98,1.0,0.704225352112676,0.8264462809917356,0.9995065673535563,42488,0,21,50,0.0,0.29577464788732394
0.99,1.0,0.704225352112676,0.8264462809917356,0.9995065673535563,42488,0,21,50,0.0,0.29577464788732394
